"seq","color","mutable"
"T","blue","TRUE"
"T","red",NA
"T","red",NA
"T","blue","TRUE"
"G","blue",NA
"A","blue",NA
"A","red",NA
"-","black","TRUE"
"-","black","TRUE"
"-","black","TRUE"
"A","red",NA
"T","blue",NA
"T","green",NA
"T","green",NA
"G","blue",NA
"A","blue",NA
"C","green",NA
"T","blue",NA
"G","green",NA
"T","green",NA
"A","green",NA
"A","blue",NA
"-","black","TRUE"
"C","blue",NA
"A","green",NA
"C","blue",NA
"A","green",NA
"A","black",NA
"A","black",NA
"G","green",NA
"A","green",NA
"T","green",NA
"A","green",NA
"T","green",NA
"T","black",NA
"A","black",NA
"G","black",NA
"T","black",NA
"A","green",NA
"C","green",NA
"A","black",NA
"A","black",NA
"A","blue",NA
"-","black","TRUE"
"T","black",NA
"A","black",NA
"C","black",NA
"G","black",NA
"T","black",NA
"G","green",NA
"A","green",NA
"C","black",NA
"G","black",NA
"T","black",NA
"A","black",NA
"G","green",NA
"A","green",NA
"A","black",NA
"A","black",NA
"G","black",NA
"T","black",NA
"A","black",NA
"A","black",NA
"T","black",NA
"A","black",NA
"A","black",NA
"T","black",NA
"T","black",NA
"T","black",NA
"C","black",NA
"T","black",NA
"T","black",NA
"G","black",NA
"G","black",NA
"G","black",NA
"T","black",NA
"A","black",NA
"G","black",NA
"T","black",NA
"T","black",NA
"T","black",NA
"G","black",NA
"C","black",NA
"A","black",NA
"G","black",NA
"T","black",NA
"T","black",NA
"T","black",NA
"T","black",NA
"A","black",NA
"A","black",NA
"A","black",NA
"A","black",NA
"T","black",NA
"T","black",NA
"A","green",NA
"T","green",NA
"G","green",NA
"T","black",NA
"T","black",NA
"T","black",NA
"T","black",NA
"A","black",NA
"A","black",NA
"A","black",NA
"A","black",NA
"T","black",NA
"G","black",NA
"G","black",NA
"A","black",NA
"C","black",NA
"T","black",NA
"A","black",NA
"T","black",NA
"C","black",NA
"A","black",NA
"T","black",NA
"A","black",NA
"T","black",NA
"G","black",NA
"C","black",NA
"T","black",NA
"T","black",NA
"A","black",NA
"C","black",NA
"C","black",NA
"G","black",NA
"T","black",NA
"A","black",NA
"A","black",NA
"C","black",NA
"T","black",NA
"T","black",NA
"G","black",NA
"A","black",NA
"A","black",NA
"A","black",NA
"G","black",NA
"T","black",NA
"A","black",NA
"T","black",NA
"T","black",NA
"T","black",NA
"C","black",NA
"G","black",NA
"A","black",NA
"T","black",NA
"T","black",NA
"T","black",NA
"C","black",NA
"T","black",NA
"T","black",NA
"G","black",NA
"G","black",NA
"C","black",NA
"T","black",NA
"T","black",NA
"T","black",NA
"A","black",NA
"T","black",NA
"A","black",NA
"T","black",NA
"A","black",NA
"T","black",NA
"C","black",NA
"T","black",NA
"T","black",NA
"G","black",NA
"T","black",NA
"G","black",NA
"G","black",NA
"A","black",NA
"A","black",NA
"A","black",NA
"G","black",NA
"G","black",NA
"A","black",NA
"C","black",NA
"G","black",NA
"A","black",NA
"A","black",NA
"A","black",NA
"C","black",NA
"A","black",NA
"C","black",NA
"C","black",NA
"G","black",NA
"G","black",NA
"G","black",NA
"C","black",NA
"A","black",NA
"T","black",NA
"C","black",NA
"C","black",NA
"T","black",NA
"A","black",NA
"C","black",NA
"T","black",NA
"T","black",NA
"G","black",NA
"T","black",NA
"C","black",NA
"C","black",NA
"T","black",NA
"A","black",NA
"A","black",NA
"T","black",NA
"A","black",NA
"A","black",NA
"C","black",NA
"T","black",NA
"C","black",NA
"G","black",NA
"A","black",NA
"G","black",NA
"T","black",NA
"T","black",NA
"A","black",NA
"T","black",NA
"T","black",NA
"A","black",NA
"G","black",NA
"G","black",NA
"A","black",NA
"C","black",NA
"A","black",NA
"A","black",NA
"G","black",NA
"T","black",NA
"A","black",NA
"G","black",NA
"G","black",NA
"A","black",NA
"T","black",NA
"G","black",NA
"C","black",NA
"T","black",NA
"T","black",NA
"T","black",NA
"T","black",NA
"T","black",NA
"G","black",NA
"A","black",NA
"A","black",NA
"T","black",NA
"T","black",NA
"C","black",NA
"G","black",NA
"G","black",NA
"G","black",NA
"T","black",NA
"T","black",NA
"G","black",NA
"C","black",NA
"G","black",NA
"C","black",NA
"C","black",NA
"T","black",NA
"T","black",NA
"T","black",NA
"T","black",NA
"C","black",NA
"C","black",NA
"A","black",NA
"A","black",NA
"G","black",NA
"G","black",NA
"C","black",NA
"A","black",NA
"G","black",NA
"C","black",NA
"C","black",NA
"C","black",NA
"T","black",NA
"G","black",NA
"G","black",NA
"G","black",NA
"T","black",NA
"T","black",NA
"T","black",NA
"G","black",NA
"C","black",NA
"G","black",NA
"C","black",NA
"A","black",NA
"G","black",NA
"G","black",NA
"G","black",NA
"A","black",NA
"C","black",NA
"G","black",NA
"C","black",NA
"G","black",NA
"G","black",NA
"C","black",NA
"T","black",NA
"G","black",NA
"C","black",NA
"T","black",NA
"C","black",NA
"T","black",NA
"G","black",NA
"G","black",NA
"G","black",NA
"C","black",NA
"G","black",NA
"T","black",NA
"G","black",NA
"G","black",NA
"T","black",NA
"T","black",NA
"C","black",NA
"C","black",NA
"G","black",NA
"G","black",NA
"G","black",NA
"A","black",NA
"A","black",NA
"A","black",NA
"C","black",NA
"G","black",NA
"C","black",NA
"A","black",NA
"G","black",NA
"C","black",NA
"G","black",NA
"G","black",NA
"C","black",NA
"G","black",NA
"C","black",NA
"C","black",NA
"G","black",NA
"A","black",NA
"C","black",NA
"C","black",NA
"C","black",NA
"T","black",NA
"G","black",NA
"G","black",NA
"G","black",NA
"T","black",NA
"C","black",NA
"T","black",NA
"C","black",NA
"G","black",NA
"C","black",NA
"A","black",NA
"C","black",NA
"A","black",NA
"T","black",NA
"T","black",NA
"C","black",NA
"T","black",NA
"T","black",NA
"C","black",NA
"A","black",NA
"C","black",NA
"G","black",NA
"T","black",NA
"C","black",NA
"C","black",NA
"G","black",NA
"T","black",NA
"T","black",NA
"C","black",NA
"G","black",NA
"C","black",NA
"A","black",NA
"G","black",NA
"C","black",NA
"G","black",NA
"T","black",NA
"C","black",NA
"A","black",NA
"C","black",NA
"C","black",NA
"C","black",NA
"G","black",NA
"G","black",NA
"A","black",NA
"T","black",NA
"C","black",NA
"T","black",NA
"T","black",NA
"C","black",NA
"G","black",NA
"C","black",NA
"C","black",NA
"G","black",NA
"C","black",NA
"T","black",NA
"A","black",NA
"C","black",NA
"C","black",NA
"C","black",NA
"T","black",NA
"T","black",NA
"G","black",NA
"T","black",NA
"G","black",NA
"G","black",NA
"G","black",NA
"C","black",NA
"C","black",NA
"C","black",NA
"C","black",NA
"C","black",NA
"C","black",NA
"G","black",NA
"G","black",NA
"C","black",NA
"G","black",NA
"A","black",NA
"C","black",NA
"G","black",NA
"C","black",NA
"T","black",NA
"T","black",NA
"C","black",NA
"C","black",NA
"T","black",NA
"G","black",NA
"C","black",NA
"T","black",NA
"C","black",NA
"C","black",NA
"G","black",NA
"C","black",NA
"C","black",NA
"C","black",NA
"C","black",NA
"T","black",NA
"A","black",NA
"A","black",NA
"G","black",NA
"T","black",NA
"C","black",NA
"G","black",NA
"G","black",NA
"G","black",NA
"A","black",NA
"A","black",NA
"G","black",NA
"G","black",NA
"T","black",NA
"T","black",NA
"C","black",NA
"C","black",NA
"T","black",NA
"T","black",NA
"G","black",NA
"C","black",NA
"G","black",NA
"G","black",NA
"T","black",NA
"T","black",NA
"C","black",NA
"G","black",NA
"C","black",NA
"G","black",NA
"G","black",NA
"C","black",NA
"G","black",NA
"T","black",NA
"G","black",NA
"C","black",NA
"C","black",NA
"G","black",NA
"G","black",NA
"A","black",NA
"C","black",NA
"G","black",NA
"T","black",NA
"G","black",NA
"A","black",NA
"C","black",NA
"A","black",NA
"A","black",NA
"A","black",NA
"C","black",NA
"G","black",NA
"G","black",NA
"A","black",NA
"A","black",NA
"G","black",NA
"C","black",NA
"C","black",NA
"G","black",NA
"C","black",NA
"A","black",NA
"C","black",NA
"G","black",NA
"T","black",NA
"C","black",NA
"T","black",NA
"C","black",NA
"A","black",NA
"C","black",NA
"T","black",NA
"A","black",NA
"G","black",NA
"T","black",NA
"A","black",NA
"C","black",NA
"C","black",NA
"C","black",NA
"T","black",NA
"C","black",NA
"G","black",NA
"C","black",NA
"A","black",NA
"G","black",NA
"A","black",NA
"C","black",NA
"G","black",NA
"G","black",NA
"A","black",NA
"C","black",NA
"A","black",NA
"G","black",NA
"C","black",NA
"G","black",NA
"C","black",NA
"C","black",NA
"A","black",NA
"G","black",NA
"G","black",NA
"G","black",NA
"A","black",NA
"G","black",NA
"C","black",NA
"A","black",NA
"A","black",NA
"T","black",NA
"G","black",NA
"G","black",NA
"C","black",NA
"A","black",NA
"G","black",NA
"C","black",NA
"G","black",NA
"C","black",NA
"G","black",NA
"C","black",NA
"C","black",NA
"G","black",NA
"A","black",NA
"C","black",NA
"C","black",NA
"G","black",NA
"C","black",NA
"G","black",NA
"A","black",NA
"T","black",NA
"G","black",NA
"G","black",NA
"G","black",NA
"C","black",NA
"T","black",NA
"G","black",NA
"T","black",NA
"G","black",NA
"G","black",NA
"C","black",NA
"C","black",NA
"A","black",NA
"A","black",NA
"T","black",NA
"A","black",NA
"G","black",NA
"C","black",NA
"G","black",NA
"G","black",NA
"C","black",NA
"T","black",NA
"G","black",NA
"C","black",NA
"T","black",NA
"C","black",NA
"A","black",NA
"G","black",NA
"C","black",NA
"A","black",NA
"G","black",NA
"G","black",NA
"G","black",NA
"C","black",NA
"G","black",NA
"C","black",NA
"G","black",NA
"C","black",NA
"C","black",NA
"G","black",NA
"A","black",NA
"G","black",NA
"A","black",NA
"G","black",NA
"C","black",NA
"A","black",NA
"G","black",NA
"C","black",NA
"G","black",NA
"G","black",NA
"C","black",NA
"C","black",NA
"G","black",NA
"G","black",NA
"G","black",NA
"A","black",NA
"A","black",NA
"G","black",NA
"G","black",NA
"G","black",NA
"G","black",NA
"C","black",NA
"G","black",NA
"G","black",NA
"T","black",NA
"G","black",NA
"C","black",NA
"G","black",NA
"G","black",NA
"G","black",NA
"A","black",NA
"G","black",NA
"G","black",NA
"C","black",NA
"G","black",NA
"G","black",NA
"G","black",NA
"G","black",NA
"T","black",NA
"G","black",NA
"T","black",NA
"G","black",NA
"G","black",NA
"G","black",NA
"G","black",NA
"C","black",NA
"G","black",NA
"G","black",NA
"T","black",NA
"A","black",NA
"G","black",NA
"T","black",NA
"G","black",NA
"T","black",NA
"G","black",NA
"G","black",NA
"G","black",NA
"C","black",NA
"C","black",NA
"C","black",NA
"T","black",NA
"G","black",NA
"T","black",NA
"T","black",NA
"C","black",NA
"C","black",NA
"T","black",NA
"G","black",NA
"C","black",NA
"C","black",NA
"C","black",NA
"G","black",NA
"C","black",NA
"G","black",NA
"C","black",NA
"G","black",NA
"G","black",NA
"T","black",NA
"G","black",NA
"T","black",NA
"T","black",NA
"C","black",NA
"C","black",NA
"G","black",NA
"C","black",NA
"A","black",NA
"T","black",NA
"T","black",NA
"C","black",NA
"T","black",NA
"G","black",NA
"C","black",NA
"A","black",NA
"A","black",NA
"G","black",NA
"C","black",NA
"C","black",NA
"T","black",NA
"C","black",NA
"C","black",NA
"G","black",NA
"G","black",NA
"A","black",NA
"G","black",NA
"C","black",NA
"G","black",NA
"C","black",NA
"A","black",NA
"C","black",NA
"G","black",NA
"T","black",NA
"C","black",NA
"G","black",NA
"G","black",NA
"C","black",NA
"A","black",NA
"G","black",NA
"T","black",NA
"C","black",NA
"G","black",NA
"G","black",NA
"C","black",NA
"T","black",NA
"C","black",NA
"C","black",NA
"C","black",NA
"T","black",NA
"C","black",NA
"G","black",NA
"T","black",NA
"T","black",NA
"G","black",NA
"A","black",NA
"C","black",NA
"C","black",NA
"G","black",NA
"A","black",NA
"A","black",NA
"T","black",NA
"C","black",NA
"A","black",NA
"C","black",NA
"C","black",NA
"G","black",NA
"A","black",NA
"C","black",NA
"C","black",NA
"T","black",NA
"C","black",NA
"T","black",NA
"C","black",NA
"T","black",NA
"C","black",NA
"C","black",NA
"C","black",NA
"C","black",NA
"A","black",NA
"G","black",NA
"G","black",NA
"G","black",NA
"G","black",NA
"A","black",NA
"T","black",NA
"C","black",NA
"C","black",NA
"G","black",NA
"C","black",NA
"C","black",NA
"A","black",NA
"C","black",NA
"C","black",NA
"A","black",NA
"T","black",NA
"G","black",NA
"G","black",NA
"T","black",NA
"G","black",NA
"A","black",NA
"G","black",NA
"C","black",NA
"A","black",NA
"A","black",NA
"G","black",NA
"G","black",NA
"G","black",NA
"C","black",NA
"G","black",NA
"A","black",NA
"G","black",NA
"G","black",NA
"A","black",NA
"G","black",NA
"C","black",NA
"T","black",NA
"G","black",NA
"T","black",NA
"T","black",NA
"C","black",NA
"A","black",NA
"C","black",NA
"C","black",NA
"G","black",NA
"G","black",NA
"G","black",NA
"G","black",NA
"T","black",NA
"G","black",NA
"G","black",NA
"T","black",NA
"G","black",NA
"C","black",NA
"C","black",NA
"C","black",NA
"A","black",NA
"T","black",NA
"C","black",NA
"C","black",NA
"T","black",NA
"G","black",NA
"G","black",NA
"T","black",NA
"C","black",NA
"G","black",NA
"A","black",NA
"G","black",NA
"C","black",NA
"T","black",NA
"G","black",NA
"G","black",NA
"A","black",NA
"C","black",NA
"G","black",NA
"G","black",NA
"C","black",NA
"G","black",NA
"A","black",NA
"C","black",NA
"G","black",NA
"T","black",NA
"A","black",NA
"A","black",NA
"A","black",NA
"C","black",NA
"G","black",NA
"G","black",NA
"C","black",NA
"C","black",NA
"A","black",NA
"C","black",NA
"A","black",NA
"A","black",NA
"G","black",NA
"T","black",NA
"T","black",NA
"C","black",NA
"A","black",NA
"G","black",NA
"C","black",NA
"G","black",NA
"T","black",NA
"G","black",NA
"T","black",NA
"C","black",NA
"C","black",NA
"G","black",NA
"G","green",NA
"C","green",NA
"G","green",NA
"A","black",NA
"G","black",NA
"G","black",NA
"G","black",NA
"C","black",NA
"G","black",NA
"A","black",NA
"G","black",NA
"G","black",NA
"G","black",NA
"C","black",NA
"G","black",NA
"A","black",NA
"T","black",NA
"G","black",NA
"C","black",NA
"C","green",NA
"A","green",NA
"C","black",NA
"C","green",NA
"T","black",NA
"A","black",NA
"C","black",NA
"G","black",NA
"G","black",NA
"C","black",NA
"A","black",NA
"A","black",NA
"G","black",NA
"C","black",NA
"T","black",NA
"G","black",NA
"A","black",NA
"C","black",NA
"C","black",NA
"C","black",NA
"T","black",NA
"G","black",NA
"A","black",NA
"A","black",NA
"G","black",NA
"T","black",NA
"T","green",NA
"C","black",NA
"A","black",NA
"T","green",NA
"C","black",NA
"T","black",NA
"G","black",NA
"C","green",NA
"A","green",NA
"C","blue",NA
"C","blue",NA
"A","blue",NA
"C","black",NA
"C","green",NA
"G","black",NA
"G","black",NA
"C","green",NA
"A","green",NA
"A","green",NA
"G","black",NA
"C","black",NA
"T","black",NA
"G","black",NA
"C","black",NA
"C","green",NA
"C","green",NA
"G","black",NA
"T","black",NA
"G","green",NA
"C","green",NA
"C","green",NA
"C","blue",NA
"T","black",NA
"G","black",NA
"G","black",NA
"C","green",NA
"C","green",NA
"C","blue",NA
"A","red",NA
"C","black",NA
"C","black",NA
"C","blue",NA
"T","black",NA
"C","green",NA
"G","green",NA
"T","green",NA
"G","green",NA
"A","black",NA
"C","blue",NA
"-","black","TRUE"
"A","red",NA
"C","green",NA
"C","green",NA
"C","blue",NA
"T","green",NA
"G","green",NA
"A","black",NA
"C","green",NA
"C","green",NA
"T","green",NA
"A","green",NA
"C","green",NA
"G","green",NA
"G","blue",NA
"C","red",NA
"G","blue",NA
"T","red",NA
"G","blue",NA
"C","green",NA
"A","blue",NA
"G","blue",NA
"T","red",NA
"G","green",NA
"C","green",NA
"T","green",NA
"T","blue",NA
"C","green",NA
"A","green",NA
"G","green",NA
"C","green",NA
"C","blue",NA
"G","green",NA
"C","green",NA
"T","blue",NA
"A","green",NA
"C","blue",NA
"C","blue",NA
"C","green",NA
"-","black","TRUE"
"G","green",NA
"A","green",NA
"C","blue",NA
"-","black","TRUE"
"A","red",NA
"C","red",NA
"A","blue",NA
"T","green",NA
"G","blue",NA
"A","blue",NA
"A","blue",NA
"G","blue",NA
"C","blue",NA
"A","blue",NA
"G","blue",NA
"C","red",NA
"-","black","TRUE"
"C","red",NA
"G","blue",NA
"A","blue",NA
"C","red",NA
"T","blue",NA
"T","blue",NA
"C","red",NA
"T","green",NA
"T","green",NA
"C","blue",NA
"A","blue",NA
"-","black","TRUE"
"G","blue",NA
"T","green",NA
"C","green",NA
"C","blue",NA
"G","red",NA
"C","blue",NA
"-","black","TRUE"
"A","blue",NA
"T","blue",NA
"G","green",NA
"C","green",NA
"C","green",NA
"C","blue",NA
"G","green",NA
"A","green",NA
"A","blue",NA
"G","blue",NA
"G","blue",NA
"-","black","TRUE"
"T","blue",NA
"A","blue",NA
"C","red",NA
"G","blue",NA
"T","blue",NA
"C","blue",NA
"-","black","TRUE"
"A","green",NA
"G","blue",NA
"G","red","TRUE"
"A","blue",NA
"A","blue",NA
"C","red",NA
"G","red",NA
"C","red",NA
"-","black","TRUE"
"C","red",NA
"C","blue",NA
"A","green",NA
"T","blue",NA
"C","red",NA
"T","blue",NA
"T","blue",NA
"C","red",NA
"T","blue",NA
"T","red",NA
"-","black","TRUE"
"A","blue",NA
"A","blue",NA
"G","green",NA
"G","blue",NA
"A","red",NA
"-","black","TRUE"
"G","red",NA
"A","blue",NA
"C","blue",NA
"G","blue","TRUE"
"G","blue",NA
"G","red",NA
"A","blue",NA
"-","black","TRUE"
"C","green",NA
"T","blue",NA
"T","blue",NA
"C","blue","TRUE"
"A","blue",NA
"G","red",NA
